order,date,weekday,time_ct,slug,url,caption
"1","2026-06-20","Sat","7:00 PM","5-signs-your-website-is-costing-you-customers","https://hudsondigitalsolutions.com/blog/5-signs-your-website-is-costing-you-customers","Your website might be quietly losing you jobs every week and you would never know it. Slow loads, dead phone numbers on mobile, no clear next step. Here are 5 signs your site is bleeding customers and what I fix first.

https://hudsondigitalsolutions.com/blog/5-signs-your-website-is-costing-you-customers

#WebDesign #SmallBusiness #DFW"
"2","2026-06-21","Sun","7:00 AM","how-many-pages-does-a-small-business-website-need","https://hudsondigitalsolutions.com/blog/how-many-pages-does-a-small-business-website-need","Stop guessing how many pages your site needs. A 40-page site does not book more calls than a tight 5-page one that is built to convert. I treat every page as a revenue job and track each click. Here is the page count that actually books work.

https://hudsondigitalsolutions.com/blog/how-many-pages-does-a-small-business-website-need

#SmallBusinessWebsite #WebDesign #DFW"
"3","2026-06-21","Sun","1:00 PM","core-web-vitals-explained-for-small-business","https://hudsondigitalsolutions.com/blog/core-web-vitals-explained-for-small-business","Google grades your site on load speed, how fast it responds to taps and whether it jumps around while loading. Fail those and you slide down the results. Here is what Core Web Vitals actually mean for a DFW owner and how to fix them without torching your budget.

https://hudsondigitalsolutions.com/blog/core-web-vitals-explained-for-small-business

#CoreWebVitals #WebPerformance #DallasFortWorth"
"4","2026-06-21","Sun","7:00 PM","google-business-profile-optimization-checklist","https://hudsondigitalsolutions.com/blog/google-business-profile-optimization-checklist","Your Google Business Profile is the first thing a DFW customer sees and most are half filled out. A complete, optimized listing pulls calls straight off the map pack. Here is the exact checklist I run to turn that free listing into a booking machine.

https://hudsondigitalsolutions.com/blog/google-business-profile-optimization-checklist

#GoogleBusinessProfile #LocalSEO #DFW"
"5","2026-06-22","Mon","7:00 AM","anatomy-of-a-high-converting-homepage","https://hudsondigitalsolutions.com/blog/anatomy-of-a-high-converting-homepage","Most homepages are pretty brochures that convert nobody. A homepage that earns its keep is a system: one clear promise, proof and a path to book. I break down the exact anatomy that turns Dallas visitors into paying clients, section by section.

https://hudsondigitalsolutions.com/blog/anatomy-of-a-high-converting-homepage

#ConversionOptimization #WebDesign #DFW"
"6","2026-06-22","Mon","1:00 PM","automate-customer-follow-up-email-sms","https://hudsondigitalsolutions.com/blog/automate-customer-follow-up-email-sms","Half the leads you lose are not lost, they are just waiting on a reply you never sent. Automated email and SMS follow-up catches them while they are still warm. Here are the systems and tools DFW businesses use to recover that revenue on autopilot.

https://hudsondigitalsolutions.com/blog/automate-customer-follow-up-email-sms

#Automation #CustomerFollowUp #DFW"
"7","2026-06-22","Mon","7:00 PM","escaping-monthly-platform-fees","https://hudsondigitalsolutions.com/blog/escaping-monthly-platform-fees","Wix, Squarespace and GoDaddy quietly bill you every month forever and you never actually own the site. I show Dallas owners how to build a site you own outright that pays for itself in about 90 days. Run the math, then cancel the subscription.

https://hudsondigitalsolutions.com/blog/escaping-monthly-platform-fees

#WebsiteMigration #SmallBusiness #DFW"
"8","2026-06-23","Tue","7:00 AM","hvac-company-websites-that-drive-calls","https://hudsondigitalsolutions.com/blog/hvac-company-websites-that-drive-calls","When a Dallas homeowner has no AC in July, they call whoever shows up fast and loads fast. If your HVAC site is slow or buries the phone number, that call goes to the next guy. Here is how I build HVAC sites that turn clicks into booked jobs.

https://hudsondigitalsolutions.com/blog/hvac-company-websites-that-drive-calls

#HVAC #LocalSEO #DFW"
"9","2026-06-23","Tue","1:00 PM","agency-vs-freelancer-vs-diy-website-cost","https://hudsondigitalsolutions.com/blog/agency-vs-freelancer-vs-diy-website-cost","Agency, freelancer or do it yourself? The price tags are not the real story, the hidden costs and the ROI are. I lay out agency vs freelancer vs DIY with real DFW numbers and a free estimator so you can budget before you sign anything.

https://hudsondigitalsolutions.com/blog/agency-vs-freelancer-vs-diy-website-cost

#WebsiteCost #SmallBusiness #DFW"
"10","2026-06-23","Tue","7:00 PM","how-to-track-employee-hours","https://hudsondigitalsolutions.com/blog/how-to-track-employee-hours","Paper timesheets and Friday spreadsheet math cost you payroll errors and a wasted weekend. Tracking employee hours should run itself. Here is how I set up automated time tracking for DFW small businesses so the numbers are right before payroll runs.

https://hudsondigitalsolutions.com/blog/how-to-track-employee-hours

#TimeTracking #SmallBusiness #DFW"
"11","2026-06-24","Wed","7:00 AM","case-study-ink37-local-service-website","https://hudsondigitalsolutions.com/blog/case-study-ink37-local-service-website","Here is what happened when a Dallas tattoo studio stopped treating its site like a Facebook page and started treating it like a booking machine. Ink37 Tattoos: the real numbers, the automation we wired in and the ROI. No theory, just what moved.

https://hudsondigitalsolutions.com/blog/case-study-ink37-local-service-website

#CaseStudy #LocalBusiness #DFW"
"12","2026-06-24","Wed","1:00 PM","beyond-just-works-why-businesses-need-websites-that-dominate","https://hudsondigitalsolutions.com/blog/beyond-just-works-why-businesses-need-websites-that-dominate","A site that ""works"" still loses you money every day. It loads, it shows your hours and it does nothing else. Your website should be your hardest-working salesperson, booking calls while you sleep. Here is the difference between a site that exists and one that sells.

https://hudsondigitalsolutions.com/blog/beyond-just-works-why-businesses-need-websites-that-dominate

#WebDesign #SmallBusiness #DallasFortWorth"
"13","2026-06-24","Wed","7:00 PM","mobile-first-web-design-for-service-businesses","https://hudsondigitalsolutions.com/blog/mobile-first-web-design-for-service-businesses","More than half your DFW customers find you on a phone, then bounce because your site was built for a desktop they will never use. Mobile-first is not a style choice, it is where the booked jobs come from. Here is how I build service sites that convert on a thumb.

https://hudsondigitalsolutions.com/blog/mobile-first-web-design-for-service-businesses

#MobileFirst #ServiceBusiness #DFW"
"14","2026-06-25","Thu","7:00 AM","how-to-measure-website-performance","https://hudsondigitalsolutions.com/blog/how-to-measure-website-performance","""My website is doing great"" usually means ""I have no idea what my website is doing."" Traffic is not the metric that pays you. Here are the numbers I actually track to tie a site back to booked revenue and the ones I ignore.

https://hudsondigitalsolutions.com/blog/how-to-measure-website-performance

#WebAnalytics #SmallBusiness #DFW"
"15","2026-06-25","Thu","1:00 PM","how-to-get-more-google-reviews","https://hudsondigitalsolutions.com/blog/how-to-get-more-google-reviews","The DFW business with 200 reviews is not better than you. They just have a system for asking and you do not. Reviews are the cheapest local SEO you can buy and you can automate the entire ask. Here is the exact follow-up flow I set up.

https://hudsondigitalsolutions.com/blog/how-to-get-more-google-reviews

#GoogleReviews #LocalSEO #DFW"
"16","2026-06-25","Thu","7:00 PM","call-to-action-best-practices","https://hudsondigitalsolutions.com/blog/call-to-action-best-practices","""Contact us"" is where leads go to die. A vague button asks the visitor to do the work and they will not. Your call to action should tell them exactly what happens next and make it one tap. Here is what actually gets clicked on a service site.

https://hudsondigitalsolutions.com/blog/call-to-action-best-practices

#ConversionOptimization #ServiceBusiness #DFW"
"17","2026-06-26","Fri","7:00 AM","automated-lead-follow-up-for-service-businesses","https://hudsondigitalsolutions.com/blog/automated-lead-follow-up-for-service-businesses","A lead that waits five minutes for a reply is mostly gone. While you are on a job, your competitor already called them back. I build follow-up systems that route, score and respond to every DFW lead the second it lands, with zero manual work from you.

https://hudsondigitalsolutions.com/blog/automated-lead-follow-up-for-service-businesses

#LeadGeneration #BusinessAutomation #DFW"
"18","2026-06-26","Fri","1:00 PM","how-to-leave-thryv-without-losing-rankings","https://hudsondigitalsolutions.com/blog/how-to-leave-thryv-without-losing-rankings","Thryv has your website, your data and your Google rankings hostage and you are paying monthly for the privilege. You can leave without tanking your local search. Here is how I map the data out, rebuild the site and protect every ranking on the way.

https://hudsondigitalsolutions.com/blog/how-to-leave-thryv-without-losing-rankings

#LocalSEO #WebsiteMigration #DFW"
"19","2026-06-26","Fri","7:00 PM","law-firm-websites-for-small-practices","https://hudsondigitalsolutions.com/blog/law-firm-websites-for-small-practices","One signed client can cover a year of your website. So why does your small-practice site read like a brochure and track nothing? I build law firm sites that capture every lead, follow up automatically and tell you which case came from where.

https://hudsondigitalsolutions.com/blog/law-firm-websites-for-small-practices

#LawFirmMarketing #LocalSEO #DallasFortWorth"
"20","2026-06-27","Sat","7:00 AM","hidden-costs-of-diy-website-builders","https://hudsondigitalsolutions.com/blog/hidden-costs-of-diy-website-builders","That $16-a-month website builder is the most expensive thing in your business. The fee is the cheap part. The real bill is the leads it loses, the tracking it cannot do and the rebuild you will pay for later. Here is the math before it drains your margins.

https://hudsondigitalsolutions.com/blog/hidden-costs-of-diy-website-builders

#WebsiteBuilder #SmallBusiness #DFW"
"21","2026-06-27","Sat","1:00 PM","how-to-write-an-invoice-that-gets-paid","https://hudsondigitalsolutions.com/blog/how-to-write-an-invoice-that-gets-paid","An invoice that sits in someone's inbox for 45 days is just a loan you never agreed to make. Here is how I structure invoices and automate the follow-ups so DFW owners cut days off their pay cycle and stop chasing checks.

https://hudsondigitalsolutions.com/blog/how-to-write-an-invoice-that-gets-paid

#CashFlow #SmallBusiness #DallasFortWorth"
"22","2026-06-27","Sat","7:00 PM","case-study-jirahshop-ecommerce-build","https://hudsondigitalsolutions.com/blog/case-study-jirahshop-ecommerce-build","Most ecommerce builds are a pretty storefront bolted onto guesswork. Here is the full breakdown of the JirahShop build: the systems, the attribution and the automation we wired in so every sale traces back to what actually drove it.

https://hudsondigitalsolutions.com/blog/case-study-jirahshop-ecommerce-build

#Ecommerce #CaseStudy #DFW"
"23","2026-06-28","Sun","7:00 AM","how-ai-automation-can-save-your-business-20-hours-per-week","https://hudsondigitalsolutions.com/blog/how-ai-automation-can-save-your-business-20-hours-per-week","Busy is not the same as profitable. If you and your team burn 20 hours a week on manual data entry and scheduling, that is half a salaried person doing work software handles for free. Here are the AI automations I set up first to win those hours back.

https://hudsondigitalsolutions.com/blog/how-ai-automation-can-save-your-business-20-hours-per-week

#AIautomation #SmallBusiness #DFW"
"24","2026-06-28","Sun","1:00 PM","signs-you-need-a-website-redesign","https://hudsondigitalsolutions.com/blog/signs-you-need-a-website-redesign","A redesign is not about looks. It is about the leads your current site quietly loses every month. Here are the hard signs that tell you a rebuild will cost less than keeping the site you have, with real numbers from Dallas Fort Worth.

https://hudsondigitalsolutions.com/blog/signs-you-need-a-website-redesign

#WebsiteRedesign #SmallBusiness #DallasFortWorth"
"25","2026-06-28","Sun","7:00 PM","how-website-speed-affects-your-revenue","https://hudsondigitalsolutions.com/blog/how-website-speed-affects-your-revenue","Every extra second your page takes to load shaves points off your conversion rate. That is not a vanity metric, it is revenue walking out the door. Here is how I tie load times straight to booked jobs and pipeline for DFW businesses.

https://hudsondigitalsolutions.com/blog/how-website-speed-affects-your-revenue

#WebPerformance #Revenue #DFW"
"26","2026-06-29","Mon","7:00 AM","how-to-rank-in-multiple-cities","https://hudsondigitalsolutions.com/blog/how-to-rank-in-multiple-cities","Want to rank in Plano, Frisco and Arlington without spinning up 30 thin doorway pages Google will penalize? There is a right way to do it. Here is the local SEO structure I use to pull booked calls from every zip code you serve.

https://hudsondigitalsolutions.com/blog/how-to-rank-in-multiple-cities

#LocalSEO #SmallBusiness #DFW"
"27","2026-06-29","Mon","1:00 PM","how-to-reduce-bounce-rate","https://hudsondigitalsolutions.com/blog/how-to-reduce-bounce-rate","People hit your site, glance once and leave. A high bounce rate is a money problem dressed up as an analytics number. Here are the measurable fixes I run to keep DFW visitors on the page long enough to actually book.

https://hudsondigitalsolutions.com/blog/how-to-reduce-bounce-rate

#ConversionOptimization #SmallBusiness #DFW"
"28","2026-06-29","Mon","7:00 PM","crm-automation-stop-losing-leads","https://hudsondigitalsolutions.com/blog/crm-automation-stop-losing-leads","A lead buried in your inbox is a lead your competitor is already calling. I spent years building these systems in HubSpot and Salesforce. Here is the CRM automation that routes, scores and follows up on every Dallas lead so none of them go cold.

https://hudsondigitalsolutions.com/blog/crm-automation-stop-losing-leads

#CRMautomation #LeadGen #DallasFortWorth"
"29","2026-06-30","Tue","7:00 AM","how-to-migrate-off-wix","https://hudsondigitalsolutions.com/blog/how-to-migrate-off-wix","Leaving Wix scares people because one bad redirect can tank rankings you spent years earning. It does not have to. Here is the step-by-step migration plan I follow to move you off Wix with zero lost traffic or revenue.

https://hudsondigitalsolutions.com/blog/how-to-migrate-off-wix

#WebsiteMigration #SEO #DFW"
"30","2026-06-30","Tue","1:00 PM","med-spa-websites-that-fill-the-calendar","https://hudsondigitalsolutions.com/blog/med-spa-websites-that-fill-the-calendar","A med spa site full of glossy photos and an empty booking calendar is just an expensive billboard. I build med spa sites that turn visitors into booked procedures with real tracking and automation behind every appointment. Here is how DFW clinics fill the schedule.

https://hudsondigitalsolutions.com/blog/med-spa-websites-that-fill-the-calendar

#MedSpaMarketing #LocalSEO #DFW"
"31","2026-06-30","Tue","7:00 PM","how-to-budget-for-a-website-project","https://hudsondigitalsolutions.com/blog/how-to-budget-for-a-website-project","Most DFW owners pick a website budget by guessing, then get surprised by the bill. Here is how I price design, SEO and automation as line items you can actually defend, so the spend ties back to booked revenue.

https://hudsondigitalsolutions.com/blog/how-to-budget-for-a-website-project

#WebsiteBudget #SmallBusiness #DFW"
"32","2026-07-01","Wed","7:00 AM","invoice-late-fees-what-works","https://hudsondigitalsolutions.com/blog/invoice-late-fees-what-works","A late fee buried in your terms does nothing if nobody reads it. I show DFW operators how to structure invoice late fees that actually get paid and still keep the client. Cash flow first, awkward phone calls last.

https://hudsondigitalsolutions.com/blog/invoice-late-fees-what-works

#CashFlow #SmallBusiness #DallasFortWorth"
"33","2026-07-01","Wed","1:00 PM","case-study-tenantflow-saas-web-application","https://hudsondigitalsolutions.com/blog/case-study-tenantflow-saas-web-application","TenantFlow had vendor workflows scattered across spreadsheets and inboxes. We rebuilt it as one SaaS app that turns those handoffs into automated revenue pipelines. Full breakdown of what we built and what it moved.

https://hudsondigitalsolutions.com/blog/case-study-tenantflow-saas-web-application

#SaaS #WebDevelopment #DFW"
"34","2026-07-01","Wed","7:00 PM","how-to-increase-website-conversion-rates-2025-guide","https://hudsondigitalsolutions.com/blog/how-to-increase-website-conversion-rates-2025-guide","Traffic is easy. Turning visitors into customers is the part most sites get wrong. Here is the 2025 playbook I use to lift conversion rates on DFW service sites, from the offer down to the form field.

https://hudsondigitalsolutions.com/blog/how-to-increase-website-conversion-rates-2025-guide

#ConversionRate #SmallBusiness #DFW"
"35","2026-07-02","Thu","7:00 AM","small-business-website-design-what-converts","https://hudsondigitalsolutions.com/blog/small-business-website-design-what-converts","A pretty website that books nothing is just an expensive brochure. I treat small business design as a revenue system, built around DFW local SEO and follow-up automation. Here is what actually converts and what is just decoration.

https://hudsondigitalsolutions.com/blog/small-business-website-design-what-converts

#WebDesign #SmallBusiness #DallasFortWorth"
"36","2026-07-02","Thu","1:00 PM","largest-contentful-paint-how-to-find-and-fix-it","https://hudsondigitalsolutions.com/blog/largest-contentful-paint-how-to-find-and-fix-it","Largest Contentful Paint is the moment your page feels loaded to a real visitor. Drag it past 2.5 seconds and people leave before your form ever appears. Here is how I find it and the fixes I run first for DFW businesses.

https://hudsondigitalsolutions.com/blog/largest-contentful-paint-how-to-find-and-fix-it

#WebPerformance #CoreWebVitals #DFW"
"37","2026-07-02","Thu","7:00 PM","how-to-rank-in-the-google-local-pack","https://hudsondigitalsolutions.com/blog/how-to-rank-in-the-google-local-pack","The three businesses in the Google map pack get the calls. Everyone below scrolls into the void. Here are the metrics and local SEO moves that put a Dallas business in those top three spots and keep it there.

https://hudsondigitalsolutions.com/blog/how-to-rank-in-the-google-local-pack

#LocalSEO #GoogleLocalPack #DFW"
"38","2026-07-03","Fri","7:00 AM","landing-page-optimization-small-business","https://hudsondigitalsolutions.com/blog/landing-page-optimization-small-business","You are paying for clicks that land on a page built to inform, not to book. That gap is where your ad budget dies. Here is how landing page optimization turns DFW local traffic into actual appointments on the calendar.

https://hudsondigitalsolutions.com/blog/landing-page-optimization-small-business

#LandingPages #ConversionRate #DallasFortWorth"
"39","2026-07-03","Fri","1:00 PM","how-to-connect-your-website-to-your-crm","https://hudsondigitalsolutions.com/blog/how-to-connect-your-website-to-your-crm","Every lead that hits your contact form and then sits in an inbox is money decaying in real time. Connect the website to your CRM and each one gets tracked, routed and worked automatically. Here is exactly how I wire it up.

https://hudsondigitalsolutions.com/blog/how-to-connect-your-website-to-your-crm

#CRM #Automation #DFW"
"40","2026-07-03","Fri","7:00 PM","how-to-transfer-your-domain-safely","https://hudsondigitalsolutions.com/blog/how-to-transfer-your-domain-safely","One botched domain transfer can knock your site offline and tank your rankings for weeks. It does not have to. Here are the exact steps to move your domain with zero downtime and your attribution tracking fully intact.

https://hudsondigitalsolutions.com/blog/how-to-transfer-your-domain-safely

#DomainTransfer #WebsiteMigration #DallasFortWorth"
"41","2026-07-04","Sat","7:00 AM","plumber-website-design-that-books-jobs","https://hudsondigitalsolutions.com/blog/plumber-website-design-that-books-jobs","When a pipe bursts, the homeowner calls the plumber who shows up first in search, not the one with the prettiest site. I build plumber sites in DFW wired for fast load, click-to-call and tracking so you know which jobs your website actually booked.

https://hudsondigitalsolutions.com/blog/plumber-website-design-that-books-jobs

#PlumberMarketing #LocalSEO #DFW"
"42","2026-07-04","Sat","1:00 PM","is-a-custom-website-worth-the-investment","https://hudsondigitalsolutions.com/blog/is-a-custom-website-worth-the-investment","A custom website is only worth it if it pays for itself in booked work. So stop guessing and run the math. I built a free ROI calculator that shows you whether a custom build beats your current site in real dollars, not vibes.

https://hudsondigitalsolutions.com/blog/is-a-custom-website-worth-the-investment

#WebDesign #SmallBusiness #DFW"
"43","2026-07-04","Sat","7:00 PM","mortgage-math-for-small-business-owners","https://hudsondigitalsolutions.com/blog/mortgage-math-for-small-business-owners","Most owners can quote their revenue but not their actual debt service. That gap is where cash flow surprises come from. Here is how I map mortgage math for DFW business owners so you can forecast the month before it punches you.

https://hudsondigitalsolutions.com/blog/mortgage-math-for-small-business-owners

#SmallBusinessFinance #CashFlow #DFW"
"44","2026-07-05","Sun","7:00 AM","custom-website-vs-website-builder","https://hudsondigitalsolutions.com/blog/custom-website-vs-website-builder","Website builders feel cheap until you hit the wall: no real tracking, locked-in templates and a monthly bill that never ends. I spent years in revenue ops before building sites, so here is the honest custom versus builder breakdown in hard numbers for Dallas businesses.

https://hudsondigitalsolutions.com/blog/custom-website-vs-website-builder

#WebDevelopment #SmallBusiness #DFW"
"45","2026-07-05","Sun","1:00 PM","kubernetes-for-small-business-is-it-worth-it","https://hudsondigitalsolutions.com/blog/kubernetes-for-small-business-is-it-worth-it","Someone told you your small business needs Kubernetes. For most DFW shops, that is paying for a fleet of trucks to deliver one pizza. Here is when container orchestration actually earns its keep and when it just burns your budget.

https://hudsondigitalsolutions.com/blog/kubernetes-for-small-business-is-it-worth-it

#WebDevelopment #SmallBusinessTech #DFW"
"46","2026-07-05","Sun","7:00 PM","web-design-mistakes-that-cost-customers","https://hudsondigitalsolutions.com/blog/web-design-mistakes-that-cost-customers","Three web design mistakes quietly cost DFW businesses customers every day: slow load, buried phone numbers and a homepage that makes people guess what you do. I see them on nearly every site I audit. Here are the fixes I run first.

https://hudsondigitalsolutions.com/blog/web-design-mistakes-that-cost-customers

#WebDesign #SmallBusiness #DFW"
"47","2026-07-06","Mon","7:00 AM","mobile-site-speed-and-your-local-customers","https://hudsondigitalsolutions.com/blog/mobile-site-speed-and-your-local-customers","Your customer is standing in a parking lot on 5G with two bars and your mobile site takes six seconds to load. They are already calling someone else. Mobile speed is a revenue lever for local DFW businesses and here is how I measure and fix it.

https://hudsondigitalsolutions.com/blog/mobile-site-speed-and-your-local-customers

#MobileSpeed #LocalSEO #DFW"
"48","2026-07-06","Mon","1:00 PM","local-keyword-research-for-service-businesses","https://hudsondigitalsolutions.com/blog/local-keyword-research-for-service-businesses","Ranking for ""plumber"" is a vanity metric. Ranking for ""emergency water heater repair Fort Worth"" books jobs. Here is the local keyword research workflow I use to map what DFW customers actually type, then tie those searches to booked calls.

https://hudsondigitalsolutions.com/blog/local-keyword-research-for-service-businesses

#KeywordResearch #LocalSEO #DFW"
"49","2026-07-06","Mon","7:00 PM","lead-capture-forms-that-convert","https://hudsondigitalsolutions.com/blog/lead-capture-forms-that-convert","Every extra field on your contact form quietly kills conversions. Most DFW sites ask for ten things when they need three. Here is how I build lead capture forms that fill out fast, route straight to your CRM and turn traffic into booked work.

https://hudsondigitalsolutions.com/blog/lead-capture-forms-that-convert

#LeadGeneration #ConversionOptimization #DFW"
"50","2026-07-07","Tue","7:00 AM","online-booking-that-cuts-no-shows","https://hudsondigitalsolutions.com/blog/online-booking-that-cuts-no-shows","A no-show is a paid-for slot that earns you nothing. For most DFW service businesses, automated reminders alone recover a chunk of that lost revenue every week. Here is the online booking setup that confirms, reminds and fills the gaps without you lifting a finger.

https://hudsondigitalsolutions.com/blog/online-booking-that-cuts-no-shows

#OnlineBooking #BusinessAutomation #DFW"
"51","2026-07-07","Tue","1:00 PM","squarespace-to-a-custom-site","https://hudsondigitalsolutions.com/blog/squarespace-to-a-custom-site","Squarespace looks fine until your booking flow stalls and you cannot tell which leads came from where. When the template starts costing you jobs, it is time to move. Here is when to switch to a custom site and how I migrate it without losing a single contact.

https://hudsondigitalsolutions.com/blog/squarespace-to-a-custom-site

#WebsiteMigration #Squarespace #DFW"
"52","2026-07-07","Tue","7:00 PM","restaurant-websites-that-drive-orders","https://hudsondigitalsolutions.com/blog/restaurant-websites-that-drive-orders","A photo of your menu does not feed anyone. Your restaurant site should take orders and lock in reservations while you are slammed on the line. Here is how I turn a DFW restaurant page into a system that actually drives covers and online orders.

https://hudsondigitalsolutions.com/blog/restaurant-websites-that-drive-orders

#RestaurantMarketing #LocalSEO #DallasFortWorth"
"53","2026-07-08","Wed","7:00 AM","website-maintenance-costs-explained","https://hudsondigitalsolutions.com/blog/website-maintenance-costs-explained","Nobody tells you what a website actually costs after launch, then the surprise invoices land. I pulled real maintenance numbers from DFW operators so you know what to budget, what to automate and what is just a vendor padding the bill.

https://hudsondigitalsolutions.com/blog/website-maintenance-costs-explained

#SmallBusiness #WebsiteCosts #DFW"
"54","2026-07-08","Wed","1:00 PM","paystub-basics-for-small-employers","https://hudsondigitalsolutions.com/blog/paystub-basics-for-small-employers","One wrong line on a paystub can turn into a compliance headache and a payroll mess. If you have employees in Texas, you need to get this right the first time. Here are the basics every small employer should know, plus a free calculator to skip the manual math.

https://hudsondigitalsolutions.com/blog/paystub-basics-for-small-employers

#Payroll #SmallBusiness #DFW"
"55","2026-07-08","Wed","7:00 PM","how-we-build-fast-websites-the-stack","https://hudsondigitalsolutions.com/blog/how-we-build-fast-websites-the-stack","Fast sites are not luck, they are a build decision you make on day one. I am pulling back the curtain on the exact stack I use to ship DFW sites that load instantly and turn visitors into booked appointments. Speed is a revenue lever, so here is how I pull it.

https://hudsondigitalsolutions.com/blog/how-we-build-fast-websites-the-stack

#WebDevelopment #WebPerformance #DFW"
"56","2026-07-09","Thu","7:00 AM","small-business-website-cost-2025","https://hudsondigitalsolutions.com/blog/small-business-website-cost-2025","Quotes for a small business website swing from 500 dollars to 50,000 and most owners have no idea why. I broke down what actually drives the price in 2025 so you can read any proposal and know exactly what you are paying for before you sign.

https://hudsondigitalsolutions.com/blog/small-business-website-cost-2025

#SmallBusiness #WebsiteCosts #DallasFortWorth"
"57","2026-07-09","Thu","1:00 PM","website-navigation-best-practices-small-business","https://hudsondigitalsolutions.com/blog/website-navigation-best-practices-small-business","A confusing menu is a quiet revenue leak. Every extra click between a visitor and your booking page costs you jobs. Here are the navigation rules I use to turn clicks into booked calls instead of dead ends.

https://hudsondigitalsolutions.com/blog/website-navigation-best-practices-small-business

#WebDesign #SmallBusiness #DFW"
"58","2026-07-09","Thu","7:00 PM","page-speed-optimization-for-local-service-sites","https://hudsondigitalsolutions.com/blog/page-speed-optimization-for-local-service-sites","A local customer needs a plumber now, not in four seconds while your site loads. Slow pages send them straight to the next result. Here is how I measure, fix and automate page speed for DFW service sites so you stop losing those calls.

https://hudsondigitalsolutions.com/blog/page-speed-optimization-for-local-service-sites

#WebPerformance #LocalSEO #DFW"
"59","2026-07-10","Fri","7:00 AM","local-seo-for-small-business-guide","https://hudsondigitalsolutions.com/blog/local-seo-for-small-business-guide","Local SEO is not a billboard you set and forget. It is a pipeline that runs from search demand straight to a closed deal. I map exactly how DFW searches turn into booked revenue using automation and strict attribution, no guesswork on what is working.

https://hudsondigitalsolutions.com/blog/local-seo-for-small-business-guide

#LocalSEO #SmallBusiness #DallasFortWorth"
"60","2026-07-10","Fri","1:00 PM","trust-signals-that-convert-visitors","https://hudsondigitalsolutions.com/blog/trust-signals-that-convert-visitors","A stranger landed on your site and has about three seconds to decide if you are legit. The right proof points close that gap and turn a browser into a booked call. Here are the trust signals that actually convert DFW visitors, backed by automated follow up.

https://hudsondigitalsolutions.com/blog/trust-signals-that-convert-visitors

#ConversionOptimization #SmallBusiness #DFW"
"61","2026-07-10","Fri","7:00 PM","stripe-payment-setup-small-business","https://hudsondigitalsolutions.com/blog/stripe-payment-setup-small-business","Most DFW shops bolt Stripe on, take the payment and never see where the revenue came from. Set it up right and your checkout doubles as a forecasting tool. Here is the exact Stripe setup I run so every dollar is tracked back to the source.

https://hudsondigitalsolutions.com/blog/stripe-payment-setup-small-business

#Stripe #SmallBusiness #DFW"
"62","2026-07-11","Sat","7:00 AM","website-migration-checklist","https://hudsondigitalsolutions.com/blog/website-migration-checklist","Moving platforms is where most businesses quietly lose their rankings and half their traffic. I have migrated sites with zero downtime and no drop in search. Here is the checklist I follow line by line so your SEO and revenue tracking survive the move.

https://hudsondigitalsolutions.com/blog/website-migration-checklist

#WebsiteMigration #LocalSEO #DallasFortWorth"
"63","2026-07-11","Sat","1:00 PM","roofing-company-websites-that-convert","https://hudsondigitalsolutions.com/blog/roofing-company-websites-that-convert","Roofers in DFW are paying real money for clicks that never turn into quote requests. Traffic is not the problem, your site is. Here is how I build roofing sites with HubSpot automation and local SEO that cut cost per lead and book more jobs.

https://hudsondigitalsolutions.com/blog/roofing-company-websites-that-convert

#RoofingMarketing #LocalSEO #DFW"
"64","2026-07-11","Sat","7:00 PM","what-goes-into-a-website-quote","https://hudsondigitalsolutions.com/blog/what-goes-into-a-website-quote","Two website quotes can be 5,000 dollars apart and both look reasonable until you read the line items. Most owners sign before they know what they are paying for. I break down every part of a website quote so you can spot the hidden costs before you commit.

https://hudsondigitalsolutions.com/blog/what-goes-into-a-website-quote

#WebDesign #SmallBusiness #DallasFortWorth"
"65","2026-07-12","Sun","7:00 AM","profit-margin-vs-markup","https://hudsondigitalsolutions.com/blog/profit-margin-vs-markup","If you mark up a job 30 percent, your margin is not 30 percent and that gap is eating your profit on every invoice. Margin and markup are not the same number. Here is the difference in plain terms plus a pricing setup that protects your bottom line.

https://hudsondigitalsolutions.com/blog/profit-margin-vs-markup

#PricingStrategy #SmallBusiness #DFW"
"66","2026-07-12","Sun","1:00 PM","spreadsheet-column-to-comma-list","https://hudsondigitalsolutions.com/blog/spreadsheet-column-to-comma-list","Still copying a spreadsheet column one cell at a time to build a list? Stop. Paste the column, get a clean comma separated list in seconds. Free tool, no signup and a quick read on where this saves you real time in your workflows.

https://hudsondigitalsolutions.com/blog/spreadsheet-column-to-comma-list

#Productivity #SmallBusiness #DFW"
"67","2026-07-12","Sun","7:00 PM","the-complete-guide-to-building-a-modern-business-website-in-2025","https://hudsondigitalsolutions.com/blog/the-complete-guide-to-building-a-modern-business-website-in-2025","A responsive layout that shrinks to fit a phone is the bare minimum now, not the finish line. Thumb-friendly nav, touch-ready forms, instant load. Here is the full guide to building a business website in 2025 that actually books work, start to finish.

https://hudsondigitalsolutions.com/blog/the-complete-guide-to-building-a-modern-business-website-in-2025

#WebDesign #SmallBusiness #DallasFortWorth"
"68","2026-07-13","Mon","7:00 AM","real-cost-of-a-slow-website-for-local-business","https://hudsondigitalsolutions.com/blog/real-cost-of-a-slow-website-for-local-business","A slow site does not just annoy people, it has a dollar figure attached and for most local businesses it is bigger than they think. Every extra second costs you booked jobs. Here is how to put a real number on it and the fixes I run first.

https://hudsondigitalsolutions.com/blog/real-cost-of-a-slow-website-for-local-business

#WebPerformance #LocalBusiness #DFW"
"69","2026-07-13","Mon","1:00 PM","localbusiness-schema-help-google-find-you","https://hudsondigitalsolutions.com/blog/localbusiness-schema-help-google-find-you","Google cannot rank what it cannot read. LocalBusiness schema feeds it your hours, location and services in the format it actually wants and that is often the difference between showing in the map pack or not. Here is how to set it up.

https://hudsondigitalsolutions.com/blog/localbusiness-schema-help-google-find-you

#LocalSEO #SchemaMarkup #DallasFortWorth"
"70","2026-07-13","Mon","7:00 PM","website-traffic-but-no-leads","https://hudsondigitalsolutions.com/blog/website-traffic-but-no-leads","Plenty of visitors, almost no leads. That is not a traffic problem, it is a leak between the click and the contact form. I break down the exact attribution gaps and automation fixes that turn the traffic you already have into booked revenue.

https://hudsondigitalsolutions.com/blog/website-traffic-but-no-leads

#ConversionOptimization #SmallBusiness #DFW"
"71","2026-07-14","Tue","7:00 AM","workflow-automation-tools-small-business","https://hudsondigitalsolutions.com/blog/workflow-automation-tools-small-business","You are paying a person to copy a lead from your inbox into a CRM. That is a $40 task a script does for free, every time, in two seconds. Here are the workflow automation tools I set up for DFW shops to capture leads, route them and close faster.

https://hudsondigitalsolutions.com/blog/workflow-automation-tools-small-business

#WorkflowAutomation #SmallBusiness #DFW"
"72","2026-07-14","Tue","1:00 PM","who-owns-your-website-and-domain","https://hudsondigitalsolutions.com/blog/who-owns-your-website-and-domain","Quick question most owners get wrong: if your developer walked away tomorrow, could you still log into your own domain? A lot of DFW businesses do not actually own the thing their whole revenue runs on. Here is how to check in five minutes and take it back.

https://hudsondigitalsolutions.com/blog/who-owns-your-website-and-domain

#DomainOwnership #SmallBusiness #DFW"
"73","2026-07-14","Tue","7:00 PM","tattoo-studio-websites-booking-gallery-seo","https://hudsondigitalsolutions.com/blog/tattoo-studio-websites-booking-gallery-seo","Your portfolio is your strongest sales pitch and it is buried on Instagram where nobody can book you. A tattoo studio site should show the work, take the deposit and rank when someone in DFW searches for an artist. Here is how I build all three into one system.

https://hudsondigitalsolutions.com/blog/tattoo-studio-websites-booking-gallery-seo

#TattooStudio #LocalSEO #DallasFortWorth"
"74","2026-07-15","Wed","7:00 AM","why-cheap-websites-cost-more","https://hudsondigitalsolutions.com/blog/why-cheap-websites-cost-more","The $500 website is the most expensive one you can buy. Broken tracking, slow load times and a year of lost leads add up to far more than a real build ever would. Here is the actual math on what cheap costs a DFW business.

https://hudsondigitalsolutions.com/blog/why-cheap-websites-cost-more

#WebDesign #SmallBusiness #DFW"
"75","2026-07-15","Wed","1:00 PM","service-contracts-every-small-business-needs","https://hudsondigitalsolutions.com/blog/service-contracts-every-small-business-needs","The handshake deal works right up until a client ghosts you on a $6,000 invoice. A few plain contracts protect your revenue and put onboarding on autopilot. Here are the ones every DFW small business actually needs, plus free tools to draft them fast.

https://hudsondigitalsolutions.com/blog/service-contracts-every-small-business-needs

#ServiceContracts #SmallBusiness #DFW"
"76","2026-07-15","Wed","7:00 PM","structured-data-and-schema-guide","https://hudsondigitalsolutions.com/blog/structured-data-and-schema-guide","Two competitors offer the same service. One shows up in Google with star ratings, prices and hours right in the result. The other is a plain blue link. The difference is schema markup. Here is the practical guide to adding it and what it does for DFW bookings.

https://hudsondigitalsolutions.com/blog/structured-data-and-schema-guide

#StructuredData #LocalSEO #DFW"
"77","2026-07-16","Thu","7:00 AM","why-your-business-needs-a-custom-crm-integration","https://hudsondigitalsolutions.com/blog/why-your-business-needs-a-custom-crm-integration","Your CRM only works if every tool actually talks to it. When it sits in a silo, someone is retyping data by hand and quietly losing leads. After a decade wiring up Salesforce and HubSpot, here is why a custom integration beats the off-the-shelf connector for DFW operators.

https://hudsondigitalsolutions.com/blog/why-your-business-needs-a-custom-crm-integration

#CRMIntegration #BusinessAutomation #DFW"
"78","2026-07-16","Thu","1:00 PM","website-performance-audit-checklist-small-business","https://hudsondigitalsolutions.com/blog/website-performance-audit-checklist-small-business","Most DFW owners have no idea their site is leaking bookings because nobody ever audited it. Run this checklist and you will see exactly where speed, tracking and load times are costing you jobs. No fluff, just the line items I check first.

https://hudsondigitalsolutions.com/blog/website-performance-audit-checklist-small-business

#WebPerformance #SmallBusiness #DFW"
"79","2026-07-16","Thu","7:00 PM","nap-consistency-local-seo","https://hudsondigitalsolutions.com/blog/nap-consistency-local-seo","Your address says Suite 200 on Google, Ste. 200 on Yelp and nothing on Facebook. To Google that looks like three different businesses and your map ranking pays for it. Here is how NAP consistency makes or breaks local SEO for DFW shops.

https://hudsondigitalsolutions.com/blog/nap-consistency-local-seo

#LocalSEO #NAPConsistency #DallasFortWorth"
"80","2026-07-17","Fri","7:00 AM","texas-tax-title-license-vehicle-costs","https://hudsondigitalsolutions.com/blog/texas-tax-title-license-vehicle-costs","That $30,000 truck is not a $30,000 truck once Texas tax, title and license hit. If you run a fleet in DFW, those fees wreck your cash flow forecast when you guess at them. Here is the real breakdown, plus a free calculator to plan the next purchase.

https://hudsondigitalsolutions.com/blog/texas-tax-title-license-vehicle-costs

#SmallBusiness #FleetCosts #DFW"
"81","2026-07-17","Fri","1:00 PM","when-and-why-to-format-json","https://hudsondigitalsolutions.com/blog/when-and-why-to-format-json","An API response breaks at 2am and you are staring at one giant unbroken line of text trying to find the bug. Clean JSON is the difference between a five minute fix and a wasted afternoon. Here is when formatting it actually matters for your integrations and a free tool that does it.

https://hudsondigitalsolutions.com/blog/when-and-why-to-format-json

#WebDevelopment #Automation #DFW"
"82","2026-07-17","Fri","7:00 PM","your-website-needs-a-blueprint-how-to-plan-a-project-that-pays-off","https://hudsondigitalsolutions.com/blog/your-website-needs-a-blueprint-how-to-plan-a-project-that-pays-off","Most website projects do not fail because of bad code. They fail because nobody decided what the site was supposed to do before the build started. Here is the five-step blueprint I run before writing a line, so the site actually pays for itself.

https://hudsondigitalsolutions.com/blog/your-website-needs-a-blueprint-how-to-plan-a-project-that-pays-off

#WebDesign #SmallBusiness #DFW"
"83","2026-07-18","Sat","7:00 AM","why-your-small-business-has-a-slow-website","https://hudsondigitalsolutions.com/blog/why-your-small-business-has-a-slow-website","Your site feels slow and you have no idea why. It is usually a handful of the same culprits: huge images, bloated plugins, cheap hosting. I break down what is actually dragging your DFW site down, the leads it is quietly costing you and exactly what to measure to fix it.

https://hudsondigitalsolutions.com/blog/why-your-small-business-has-a-slow-website

#WebsiteSpeed #SmallBusiness #DFW"
"84","2026-07-18","Sat","1:00 PM","why-google-business-profile-not-showing-up","https://hudsondigitalsolutions.com/blog/why-google-business-profile-not-showing-up","You search your own business and it is nowhere on the map. Customers cannot find what Google will not show. I walk through the real reasons your Google Business Profile disappears, from suspensions to NAP mismatches and how to get it ranking again.

https://hudsondigitalsolutions.com/blog/why-google-business-profile-not-showing-up

#LocalSEO #GoogleBusinessProfile #DallasFortWorth"
"85","2026-07-18","Sat","7:00 PM","tip-calculation-and-bill-splitting","https://hudsondigitalsolutions.com/blog/tip-calculation-and-bill-splitting","Splitting a check four ways at the table while the line backs up is dead time you are not getting paid for. Faster math means faster turnover. Here is how to handle tips and split bills in seconds, plus a free calculator you can use right now.

https://hudsondigitalsolutions.com/blog/tip-calculation-and-bill-splitting

#SmallBusiness #Productivity #DFW"
"86","2026-07-19","Sun","7:00 AM","why-we-build-on-nextjs-not-wordpress","https://hudsondigitalsolutions.com/blog/why-we-build-on-nextjs-not-wordpress","WordPress runs a third of the web and a good chunk of it loads like dial-up. I stopped building on it for a reason. Here is the honest comparison of Next.js vs WordPress: speed, tracking and what each one actually costs a DFW business over three years.

https://hudsondigitalsolutions.com/blog/why-we-build-on-nextjs-not-wordpress

#WebDevelopment #NextJS #DallasFortWorth"
"87","2026-07-19","Sun","1:00 PM","word-and-character-counts-that-matter","https://hudsondigitalsolutions.com/blog/word-and-character-counts-that-matter","A meta description that runs too long gets cut off in Google. An ad headline over the limit gets rejected. Word and character counts are not busywork, they decide whether your copy even shows up. Here are the counts that matter and a free tool to hit them.

https://hudsondigitalsolutions.com/blog/word-and-character-counts-that-matter

#ContentMarketing #SEO #DFW"
